{"cameraMode":{"drawMode":0,"name":"Shaded","section":"Shading Mode"},"sceneLighting":false,"audioPlay":false,"sceneViewState":{"m_AlwaysRefresh":false,"showFog":true,"showSkybox":false,"showFlares":true,"showImageEffects":true,"showParticleSystems":true,"showVisualEffectGraphs":true,"m_FxEnabled":true},"in2DMode":false,"pivot":{"x":3.8019936084747316,"y":-2.3382949829101564,"z":-0.8433856964111328},"rotation":{"x":0.17771904170513154,"y":0.0392194539308548,"z":-0.007090168539434671,"w":0.9832876324653626},"size":16.42638397216797,"orthographic":false}