{"cameraMode":{"drawMode":0,"name":"Shaded","section":"Shading Mode"},"sceneLighting":false,"audioPlay":false,"sceneViewState":{"m_AlwaysRefresh":false,"showFog":true,"showSkybox":false,"showFlares":true,"showImageEffects":true,"showParticleSystems":true,"showVisualEffectGraphs":true,"m_FxEnabled":true},"in2DMode":false,"pivot":{"x":-0.00011803209781646729,"y":-0.0001516677439212799,"z":0.00033318251371383667},"rotation":{"x":0.20864112675189973,"y":0.7296757102012634,"z":-0.2538573741912842,"w":0.5996914505958557},"size":0.12037049233913422,"orthographic":false}